player,position,team,points,floor,ceiling,sd_pts,ffa_vor,ffa_tier,pos_rank,ffa_adp
Jahmyr Gibbs,RB,DET,380,366,400,14.4,114,1,1,1.4
Bijan Robinson,RB,ATL,380,366,402,14.3,114,2,2,2.4
Puka Nacua,WR,LAR,363,347,384,16.2,102,1,1,5.2
Ja'Marr Chase,WR,CIN,354,339,370,12.2,92.7,1,2,4.1
Jaxon Smith-Njigba,WR,SEA,338,317,357,15.6,76.8,2,3,5.8
Christian McCaffrey,RB,SF,342,325,353,14.3,75.7,2,3,7.4
Trey McBride,TE,ARI,277,249,305,23.6,72.5,1,1,21.2
Jonathan Taylor,RB,IND,338,309,356,19.4,71.8,3,4,7.2
Amon-Ra St. Brown,WR,DET,327,324,330,2.5,65.7,3,4,8.2
Josh Allen,QB,BUF,380,369,402,14,57.2,1,1,21.3
Brock Bowers,TE,LVR,256,247,263,7.88,52,2,2,24.2
Devon Achane,RB,MIA,305,274,335,26.4,39,4,5,12
James Cook,RB,BUF,296,280,318,15.7,29.9,4,6,11.7
Justin Jefferson,WR,MIN,285,255,327,29.5,23.8,3,5,12.2
Chase Brown,RB,CIN,289,270,313,20.4,22.8,4,7,20.4
Derrick Henry,RB,BAL,286,272,313,17.5,20.5,4,8,18.1
CeeDee Lamb,WR,DAL,280,260,303,18.6,19.1,3,6,11
Drake London,WR,ATL,278,245,297,22.1,17.5,4,7,18.9
Lamar Jackson,QB,BAL,340,321,365,20.8,17.2,1,2,37.8
Saquon Barkley,RB,PHI,283,261,300,15,16.6,5,9,15
Brandon Aubrey,K,DAL,121,113,133,7.68,15.1,1,1,87.4
Ashton Jeanty,RB,LVR,280,249,332,33.5,14.1,6,10,19.1
Texans,DST,HOU,107,87.3,127,15.2,12.8,1,1,89.9
Jayden Daniels,QB,WAS,334,314,355,18.6,11.5,1,3,51.6
Broncos,DST,DEN,104,90.3,120,11.4,9.69,1,2,99.2
Seahawks,DST,SEA,104,87.2,130,17.1,9.49,2,3,111
Jalen Hurts,QB,PHI,330,314,346,14.3,7.99,1,4,52.2
Joe Burrow,QB,CIN,329,313,353,19.7,6.42,1,5,57.4
Drake Maye,QB,NE,328,314,350,15.2,5.18,1,6,47.5
Rashee Rice,WR,KC,265,238,307,27.9,4.38,4,8,24
Colston Loveland,TE,CHI,209,187,239,20.7,4.22,2,3,44.3
Chris Olave,WR,NO,265,221,294,30.5,3.71,4,9,30.6
Jason Myers,K,SEA,109,99.9,123,9.57,2.46,1,2,119
George Pickens,WR,DAL,262,233,301,32.4,1.07,4,10,30
Kaimi Fairbairn,K,HOU,107,98.8,118,7.91,0.715,1,3,131
Dak Prescott,QB,DAL,322,303,338,16.7,0,2,7,81.4
Omarion Hampton,RB,LAC,266,242,299,23.3,0,6,11,23.4
A.J. Brown,WR,NE,261,235,285,20.9,0,4,11,25.1
Harold Fannin,TE,CLE,204,169,237,28.9,0,2,4,73.8
Harrison Mevis,K,LAR,106,99,113,6.15,0,1,4,135
Chargers,DST,LAC,94.2,87.2,108,8.57,0,2,4,165
Rams,DST,LAR,93.8,84.2,103,8.49,-0.383,3,5,109
Jaxson Dart,QB,NYG,320,300,342,19.3,-2.67,2,8,78.1
Cam Little,K,JAC,103,98.4,112,5.71,-2.86,1,5,141
Jake Bates,K,DET,103,96,110,6.21,-2.97,1,6,157
Bills,DST,BUF,91.2,87.8,95.3,3.8,-3.07,4,6,169
Tyler Warren,TE,IND,201,180,216,13.8,-3.77,3,5,51
Kenneth Walker III,RB,KC,262,235,281,20.1,-3.89,6,12,23
Lions,DST,DET,90.2,81.2,107,10.8,-3.99,4,7,154
Browns,DST,CLE,90.1,81.1,101,9.07,-4.09,4,8,156
Steelers,DST,PIT,89.6,85.6,94.4,3.68,-4.58,5,9,120
Vikings,DST,MIN,89.2,81.4,105,9.64,-5.02,6,10,169
Will Reichard,K,MIN,101,92.9,108,5.72,-5.09,2,7,167
Nico Collins,WR,HOU,256,234,276,17.1,-5.4,5,12,26.5
Falcons,DST,ATL,88.5,76.2,114,16.2,-5.69,6,11,170
Matthew Stafford,QB,LAR,316,302,344,17.6,-5.97,2,9,84
Matthew Stafford,QB,LAR,316,302,344,17.6,-5.97,2,9,84
Eagles,DST,PHI,88,78.2,97.8,8.66,-6.22,7,12,137
Caleb Williams,QB,CHI,316,288,341,23.2,-6.3,2,10,92.5
Cameron Dicker,K,LAC,99.8,76.9,110,13.8,-6.48,2,8,109
Ravens,DST,BAL,86.8,77.3,98,8.63,-7.46,7,13,134
Saints,DST,NO,86.7,78.3,96.7,7.59,-7.54,8,14,170
Trevor Lawrence,QB,JAC,314,292,337,21,-8.1,2,11,93.8
Jeremiyah Love,RB,ARI,258,229,283,22.7,-8.15,7,13,23.8
Jaguars,DST,JAC,86,80.2,94.2,6.54,-8.24,9,15,168
Chase McLaughlin,K,TB,97.5,94.6,99.5,1.87,-8.77,2,9,170
Cairo Santos,K,CHI,97.4,85.1,111,9.67,-8.91,2,10,169
Patriots,DST,NE,84.5,69.6,95.9,11.6,-9.74,10,16,152
Eddy Pineiro,K,SF,96.3,80.7,102,9.35,-9.94,2,11,147
Zay Flowers,WR,BAL,251,236,269,15.2,-9.99,5,13,41.9
Justin Herbert,QB,LAC,312,292,336,21.8,-10.4,2,12,101
Bo Nix,QB,DEN,311,283,336,22.4,-11.2,2,13,90.7
Jared Goff,QB,DET,311,288,337,20.8,-11.2,2,14,136
Bears,DST,CHI,83,70.6,90.9,8.62,-11.2,10,17,170
Titans,DST,TEN,82.6,65,90.7,11.7,-11.7,10,18,170
Commanders,DST,WAS,82.5,64.6,96.1,14.1,-11.7,11,19,170
Giants,DST,NYG,81.2,67.5,100,12.9,-13,11,20,170
Malik Nabers,WR,NYG,248,224,274,19.5,-13.4,5,14,34
Bengals,DST,CIN,80.9,72.2,90.7,8.02,-13.4,12,21,170
Evan McPherson,K,CIN,92.8,75.9,107,11.6,-13.5,3,12,169
Patrick Mahomes,QB,KC,309,290,337,18.8,-13.8,3,15,107
Packers,DST,GB,80,66.4,95.9,12.9,-14.2,13,22,169
Kyle Pitts,TE,ATL,190,185,197,4.75,-14.5,3,6,66
Tyler Bass,K,BUF,91.4,78.8,97.8,8.09,-14.9,3,13,170
Garrett Wilson,WR,NYJ,246,220,263,17,-15.1,5,15,36.5
Chiefs,DST,KC,78.8,69.2,87.6,8.13,-15.5,14,23,165
Chris Boswell,K,PIT,90.3,85.8,94.6,3.46,-16,3,14,164
Colts,DST,IND,78.1,67.4,86.6,7.78,-16.1,14,24,170
Buccaneers,DST,TB,78.1,68.3,90.5,9.11,-16.1,14,25,170
Cowboys,DST,DAL,78,56.3,99.8,16.7,-16.3,15,26,167
Breece Hall,RB,NYJ,249,220,281,26.1,-16.4,7,14,34.3
Harrison Butker,K,KC,89.6,77.7,99.2,8.13,-16.7,3,15,144
Kyren Williams,RB,LAR,249,237,262,9.35,-17,7,15,40
Nick Folk,K,ATL,88.9,77.4,100,8.6,-17.3,3,16,170
Brock Purdy,QB,SF,305,290,317,11.9,-17.7,3,16,104
Josh Jacobs,RB,GB,248,229,267,17.6,-17.7,7,16,37.8
Tetairoa McMillan,WR,CAR,243,226,267,17.9,-17.9,5,16,41.5
Panthers,DST,CAR,75.9,63.6,82.9,8.4,-18.3,16,27,170
DeVonta Smith,WR,PHI,242,222,256,13.4,-18.8,5,17,39.4
Cardinals,DST,ARI,74.7,58.6,90.8,13.5,-19.5,16,28,170
Dolphins,DST,MIA,74.5,55.6,91.6,15.6,-19.7,16,29,170
Raiders,DST,LVR,74.5,59.9,85.7,12.5,-19.7,17,30,170
Travis Kelce,TE,KC,185,172,200,11,-19.9,3,7,96.3
Travis Etienne,RB,NO,245,232,267,15,-20.4,7,17,43.2
Tyler Loop,K,BAL,85.8,75.1,101,10.1,-20.4,3,17,165
Jake Elliott,K,PHI,85.7,77.6,90.2,5.24,-20.5,3,18,169
Andres Borregales,K,NE,85.1,76.7,93,6.54,-21.2,3,19,170
Javonte Williams,RB,DAL,245,221,278,26.1,-21.3,7,18,34.7
Jets,DST,NYJ,72.9,55.3,90.9,16.1,-21.3,18,31,170
Blake Grupe,K,IND,84.6,75.3,101,10.3,-21.7,4,20,170
George Kittle,TE,SF,183,156,218,25.3,-21.9,4,8,87.4
Wil Lutz,K,DEN,84.2,76.4,90.2,5.9,-22.1,4,21,170
Joey Slye,K,TEN,83.1,77.5,91.6,6.05,-23.1,4,22,170
49ers,DST,SF,71.1,46.5,91.2,18,-23.1,18,32,169
Riley Patterson,K,MIA,82.6,71.5,89.4,7.18,-23.7,4,23,170
Tucker Kraft,TE,GB,180,164,196,16,-24.8,4,9,89.4
Emeka Egbuka,WR,TB,236,213,263,18.9,-25.1,6,18,47.1
Chad Ryland,K,ARI,81,74.8,85.9,4.21,-25.2,4,24,170
Charlie Smyth,K,NO,80.7,72.1,85.6,7.67,-25.6,4,25,NA
Drew Stevens,K,WAS,79,68.7,88,7.4,-27.2,4,26,170
Cam Skattebo,RB,NYG,237,223,249,11.3,-28.7,8,19,44.6
Trey Smack,K,GB,77.3,50.1,97.3,17.9,-29,4,27,168
Sam LaPorta,TE,DET,175,140,203,24.6,-29.1,4,10,72
Daniel Carlson,K,NO,77,40.6,90.8,25.3,-29.2,5,28,170
Tee Higgins,WR,CIN,231,209,251,18.7,-30.4,6,19,53.9
Mark Andrews,TE,BAL,174,164,187,8.95,-30.6,4,11,122
Dallas Goedert,TE,PHI,174,141,210,27,-30.8,4,12,100
Baker Mayfield,QB,TB,291,266,316,24,-31,3,17,147
Tyler Shough,QB,NO,290,271,311,15.5,-32.2,4,18,154
Jameson Williams,WR,DET,228,215,249,13.6,-32.6,6,20,66
Ladd McConkey,WR,LAC,228,213,251,17,-32.6,6,21,49
Bucky Irving,RB,TB,233,211,272,26.1,-33,8,20,54.6
Ryan Fitzgerald,K,CAR,73,59.1,78.8,8.48,-33.3,5,29,170
Matt Gay,K,LVR,72.7,56.8,80.8,9.82,-33.6,5,30,170
Isaiah Likely,TE,NYG,170,146,201,24.3,-34.4,4,13,126
Kyler Murray,QB,MIN,287,255,326,26.3,-35.4,4,19,144
Davante Adams,WR,LAR,225,216,240,9.94,-35.5,6,22,46.1
Jake Ferguson,TE,DAL,168,158,182,9.97,-36.2,5,14,110
Quinshon Judkins,RB,CLE,229,201,278,30.9,-36.7,8,21,53
Andre Szmyt,K,CLE,69.2,54.1,76.4,9.25,-37.1,6,31,170
Jason Sanders,K,NYJ,67,46.2,83.7,17.8,-39.3,7,32,170
D.J. Moore,WR,BUF,221,195,270,30.1,-40.1,6,23,62.3
Juwan Johnson,TE,NO,163,145,182,18.1,-41.7,5,15,162
Terry McLaurin,WR,WAS,219,201,237,14.6,-42.1,6,24,60
Jordan Love,QB,GB,279,267,304,15.5,-42.9,4,20,157
Dalton Kincaid,TE,BUF,161,144,183,17.1,-43.1,5,16,131
Hunter Henry,TE,NE,161,151,171,9.23,-43.9,5,17,146
Luther Burden,WR,CHI,216,172,271,37.4,-44.6,6,25,76.2
Jaylen Waddle,WR,DEN,216,201,230,11,-45,6,26,54.9
Rome Odunze,WR,CHI,214,196,244,19.3,-46.7,7,27,64.2
D'Andre Swift,RB,CHI,219,196,243,18.8,-47.3,9,22,60.7
Malik Willis,QB,MIA,273,249,290,17.1,-49.5,5,21,167
Courtland Sutton,WR,DEN,211,194,241,19,-49.7,7,28,80
Mike Evans,WR,SF,211,188,228,17.1,-50.1,7,29,91.2
Dalton Schultz,TE,HOU,154,137,166,11.4,-50.7,5,18,168
Brenton Strange,TE,JAC,153,135,184,20.4,-51,5,19,168
C.J. Stroud,QB,HOU,270,244,300,23,-52.5,5,22,165
Sam Darnold,QB,SEA,270,250,292,16.6,-52.7,5,23,162
T.J. Hockenson,TE,MIN,151,133,171,16.7,-53.8,6,20,138
Bhayshul Tuten,RB,JAC,211,195,227,14.7,-54.6,9,23,69.3
TreVeyon Henderson,RB,NE,210,193,253,26.3,-56.3,9,24,78.5
Bryce Young,QB,CAR,264,242,300,24.4,-58.1,6,24,169
DK Metcalf,WR,PIT,202,181,226,16.9,-58.5,7,30,85.9
Marvin Harrison Jr.,WR,ARI,202,172,226,21.2,-58.8,7,31,83.1
Christian Watson,WR,GB,201,189,212,9.96,-59.6,7,32,93.3
Alec Pierce,WR,IND,201,187,219,15.7,-60.3,7,33,103
Parker Washington,WR,JAC,200,178,225,19.5,-60.7,7,34,92.4
David Montgomery,RB,HOU,205,193,227,13.8,-60.9,10,25,67.5
Michael Wilson,WR,ARI,200,176,248,30.3,-61,7,35,102
Pat Freiermuth,TE,PIT,141,130,155,9.6,-63.8,6,21,169
Brian Thomas Jr.,WR,JAC,196,172,229,23.4,-64.7,7,36,106
Chigoziem Okonkwo,TE,WAS,139,122,164,17.5,-65.5,6,22,170
Chris Godwin,WR,TB,195,165,238,28.6,-65.7,7,37,136
Kenyon Sadiq,TE,NYJ,138,99,167,27.2,-66.2,6,23,152
Wan'Dale Robinson,WR,TEN,194,159,258,39.6,-66.9,8,38,114
Jaylen Warren,RB,PIT,198,189,208,8.56,-68.3,10,26,94.7
Greg Dulcich,TE,MIA,136,121,147,9.84,-68.7,6,24,170
Cade Otton,TE,TB,134,104,164,25.2,-70.3,7,25,170
Rhamondre Stevenson,RB,NE,193,166,213,18.2,-72.8,10,27,82.3
Carnell Tate,WR,TEN,188,159,224,27.1,-72.8,8,39,77.2
Michael Pittman,WR,PIT,187,156,202,19.4,-74.2,8,40,90.3
Cam Ward,QB,TEN,245,223,281,25.2,-77.7,6,25,169
Jakobi Meyers,WR,JAC,183,163,206,16.1,-78.2,8,41,116
Rico Dowdle,RB,PIT,188,169,201,13.1,-78.3,10,28,101
AJ Barner,TE,SEA,126,105,140,15,-78.7,7,26,170
Jacoby Brissett,QB,ARI,243,202,296,36.7,-79.8,6,26,170
Tony Pollard,RB,TEN,186,169,197,11.3,-80.3,11,29,101
David Njoku,TE,LAC,124,101,169,28.4,-80.8,8,27,170
Aaron Rodgers,QB,PIT,240,208,290,32,-82.9,6,27,169
Daniel Jones,QB,IND,239,120,286,71.6,-83.1,7,28,158
Tyreek Hill,WR,FA,177,NA,NA,NA,-84.1,8,42,NA
Jordan Addison,WR,MIN,176,147,216,26.2,-84.7,8,43,116
Josh Downs,WR,IND,176,162,196,14.1,-84.8,8,44,136
Jayden Reed,WR,GB,175,126,214,33.1,-86.1,8,45,129
Gunnar Helm,TE,TEN,118,101,138,14.9,-86.2,8,28,171
Jadarian Price,RB,SEA,179,108,213,43.2,-86.7,11,30,73.5
Stefon Diggs,WR,WAS,174,166,190,9.7,-87,8,46,120
RJ Harvey,RB,DEN,178,151,215,27.9,-87.7,11,31,134
Chuba Hubbard,RB,CAR,178,171,190,7.68,-87.8,11,32,117
Oronde Gadsden,TE,LAC,114,80.4,140,27.3,-90,8,29,170
Quentin Johnston,WR,LAC,171,138,196,24.9,-90.2,9,47,135
J.K. Dobbins,RB,DEN,175,160,187,10.7,-90.5,12,33,114
Mike Gesicki,TE,CIN,112,88.8,123,14.5,-92.5,8,30,170
Evan Engram,TE,DEN,112,91.6,125,14.2,-92.8,9,31,170
Romeo Doubs,WR,NE,167,135,197,25,-94.2,9,48,150
Xavier Worthy,WR,KC,166,131,183,21.9,-94.7,9,49,125
Xavier Worthy,WR,KC,166,131,183,21.9,-94.7,9,49,125
Geno Smith,QB,NYJ,227,209,247,14.9,-95.1,8,29,170
Khalil Shakir,WR,BUF,165,150,175,11.1,-95.6,9,50,129
Deebo Samuel,WR,SF,165,135,195,24.3,-95.9,9,51,133
Matthew Golden,WR,GB,160,141,189,19.3,-101,9,52,104
Jerry Jeudy,WR,CLE,159,136,182,20.3,-102,9,53,166
Darren Waller,TE,CAR,103,59,130,31.6,-102,9,32,170
Kenneth Gainwell,RB,TB,163,120,194,30,-103,12,34,112
Kyle Monangai,RB,CHI,162,142,175,14.2,-104,12,35,126
Colby Parkinson,TE,LAR,101,74.9,150,33.8,-104,9,33,170
Mason Taylor,TE,NYJ,99,67.8,126,23,-105,9,34,170
Terrance Ferguson,TE,LAR,98.3,34.8,135,41.2,-106,10,35,166
Rashid Shaheed,WR,SEA,154,98.5,204,41.2,-107,9,54,156
KC Concepcion,WR,CLE,153,85.9,190,42.7,-108,9,55,145
Jalen Coker,WR,CAR,152,132,172,19.6,-109,10,56,158
Rachaad White,RB,WAS,154,124,170,19,-112,12,36,132
Aaron Jones,RB,MIN,154,125,177,20.1,-112,12,37,126
Jonathon Brooks,RB,CAR,153,117,178,24.1,-113,13,38,112
Jacory Croskey-Merritt,RB,WAS,151,142,161,7.33,-115,13,39,133
Jordan Mason,RB,MIN,148,128,168,17.4,-118,13,40,139
Michael Mayer,TE,LVR,85,74.9,103,12.4,-119,10,36,170
Tre Tucker,WR,LVR,140,127,150,8.54,-121,10,57,168
Makai Lemon,WR,PHI,138,40.7,195,60.7,-123,10,58,138
Calvin Ridley,WR,TEN,137,83.9,189,42.2,-123,10,59,168
Keenan Allen,WR,IND,137,121,161,16.2,-124,10,60,166
Tyjae Spears,RB,TEN,141,118,158,16.4,-125,13,41,155
De'Zhaun Stribling,WR,SF,136,24.6,186,67.8,-125,10,61,147
Blake Corum,RB,LAR,139,129,162,14,-127,14,42,132
Jauan Jennings,WR,MIN,134,102,175,31.3,-127,10,62,171
Jordyn Tyson,WR,NO,134,87.6,217,52.7,-127,10,63,167
Denzel Boston,WR,CLE,133,80.1,177,41.1,-128,10,64,167
Jalen McMillan,WR,TB,132,121,138,7.39,-129,11,65,167
Jalen Nailor,WR,LVR,129,92.3,176,31.9,-132,11,66,171
Malik Washington,WR,MIA,129,111,156,23.5,-132,11,67,170
Malik Washington,WR,MIA,129,111,156,23.5,-132,11,67,170
Woody Marks,RB,HOU,131,121,141,8.14,-135,14,43,149
Rashod Bateman,WR,BAL,125,97,148,21.6,-136,11,68,171
Fernando Mendoza,QB,LVR,186,151,223,27.1,-137,9,30,168
Zach Charbonnet,RB,SEA,128,107,159,21.1,-138,15,44,155
Kayshon Boutte,WR,HOU,119,78,181,42.4,-142,11,69,171
Devaughn Vele,WR,NO,119,86.8,152,26.3,-142,11,70,172
Adonai Mitchell,WR,NYJ,117,92.7,150,23.4,-144,11,71,170
Cooper Kupp,WR,SEA,116,98.1,150,22.7,-145,11,72,169
Tyrone Tracy,RB,NYG,114,47.8,153,42.9,-152,15,45,170
Alvin Kamara,RB,NO,110,83.1,123,16.6,-155,15,46,160
Isiah Pacheco,RB,DET,110,88.9,129,19.8,-156,15,47,162
Tyler Allgeier,RB,ARI,103,88.1,119,14.7,-163,16,48,163
MarShawn Lloyd,RB,GB,102,88.3,136,20.9,-164,16,49,167
Justice Hill,RB,BAL,99.9,84.6,115,12.8,-166,16,50,170
Chris Rodriguez,RB,JAC,99.8,70.9,121,19.5,-166,16,51,165
Dylan Sampson,RB,CLE,99.7,81.3,134,23.9,-166,16,52,170
Ty Johnson,RB,BUF,88.3,78.2,104,11.1,-178,16,53,171
Brian Robinson,RB,ATL,86.9,75.1,96.2,8.96,-179,17,54,165
Mike Washington Jr.,RB,LVR,83.5,60.9,135,32.3,-182,17,55,163
Devin Singletary,RB,NYG,82,76.3,87.7,8.34,-184,17,56,NA
James Conner,RB,ARI,81.8,38.1,124,33.5,-184,17,57,170
Tua Tagovailoa,QB,ATL,137,94.9,213,48.3,-185,9,31,170
Samaje Perine,RB,CIN,80.8,70,97.2,13.5,-185,17,58,171
Alexander Mattison,RB,MIA,80.5,NA,NA,NA,-185,17,59,NA
Braelon Allen,RB,NYJ,79.6,60.1,116,22.7,-186,17,60,171
Kareem Hunt,RB,FA,79.1,NA,NA,NA,-187,17,61,NA
Tank Bigsby,RB,PHI,79,62.8,102,16.8,-187,17,62,169
Antonio Gibson,RB,FA,78.8,NA,NA,NA,-187,17,63,NA
Deshaun Watson,QB,CLE,134,69,213,63.8,-188,10,32,170
Keaton Mitchell,RB,LAC,76.7,52.5,92.9,16.9,-189,18,64,169
Kimani Vidal,RB,LAC,69.2,37.9,96.1,22.9,-197,18,65,171
Michael Carter,RB,TEN,67.9,49.7,86.2,26.5,-198,18,66,NA
Joe Mixon,RB,FA,67.2,NA,NA,NA,-199,18,67,NA
Jonah Coleman,RB,DEN,66.8,27.9,89.6,26.5,-199,18,68,169
Ray Davis,RB,BUF,65.1,36.7,84.3,20.9,-201,18,69,171
Zonovan Knight,RB,ARI,64.1,51.3,77,13.2,-202,18,70,170
Jordan James,RB,SF,64,28.2,120,36.9,-202,18,71,171
Emari Demercado,RB,KC,63,40.7,101,24.2,-203,18,72,170
Michael Penix Jr.,QB,ATL,114,64.6,161,40,-208,10,33,170
Shedeur Sanders,QB,CLE,107,45.6,146,42.1,-215,11,34,170
Kirk Cousins,QB,LVR,58.7,39.8,115,33.5,-264,12,35,170
Marcus Mariota,QB,WAS,44.8,25.9,56.7,17.6,-278,12,36,NA
