player_clean,position_clean,ESPN,Sleeper,CBS,RTSports,Fantrax
Jahmyr Gibbs,RB,1,1,1,1,1
Bijan Robinson,RB,2,2,2,2,2
Ja'Marr Chase,WR,3,3,3,3,3
Puka Nacua,WR,4,4,4,4,4
Christian McCaffrey,RB,6,5,7,5,5
Jaxon Smith-Njigba,WR,5,6,6,6,6
Jonathan Taylor,RB,7,7,5,7,7
Amon-Ra St. Brown,WR,8,8,8,8,8
James Cook III,RB,12,10,9,10,9
De'Von Achane,RB,10,12,10,11,13
CeeDee Lamb,WR,9,9,15,15,11
Justin Jefferson,WR,11,11,16,13,10
Saquon Barkley,RB,13,13,13,14,14
Ashton Jeanty,RB,14,14,14,9,18
Chase Brown,RB,21,16,11,12,12
Derrick Henry,RB,16,21,12,19,20
Kenneth Walker III,RB,20,19,17,17,16
Omarion Hampton,RB,24,15,20,16,15
Drake London,WR,15,17,18,21,21
A.J. Brown,WR,25,18,21,20,17
Trey McBride,TE,17,20,28,18,25
Brock Bowers,TE,23,23,27,22,19
Josh Allen,QB,18,22,19,27,31
George Pickens,WR,27,24,22,25,26
Nico Collins,WR,26,25,25,26,22
Rashee Rice,WR,19,28,23,33,28
Chris Olave,WR,28,30,29,24,24
Jeremiyah Love,RB,22,26,30,28,33
Malik Nabers,WR,30,27,31,29,23
Kyren Williams,RB,38,29,24,30,27
Javonte Williams,RB,31,35,33,23,30
Josh Jacobs,RB,33,31,26,31,40
Breece Hall,RB,29,33,37,32,32
DeVonta Smith,WR,36,36,36,38,29
Zay Flowers,WR,35,42,34,36,34
Travis Etienne Jr.,RB,39,44,38,37,36
Cam Skattebo,RB,40,43,32,39,41
Tetairoa McMillan,WR,37,37,44,43,35
Emeka Egbuka,WR,44,39,42,40,38
Garrett Wilson,WR,32,45,46,42,39
Lamar Jackson,QB,34,32,41,54,46
Tee Higgins,WR,51,34,39,49,37
Colston Loveland,TE,41,40,45,46,42
Ladd McConkey,WR,46,38,43,44,54
Bucky Irving,RB,49,41,40,41,57
Quinshon Judkins,RB,50,54,48,34,48
D'Andre Swift,RB,56,55,35,47,44
Jaylen Waddle,WR,52,46,50,53,43
David Montgomery,RB,60,49,47,45,47
Davante Adams,WR,42,50,56,57,45
DJ Moore,WR,55,57,53,35,52
Tyler Warren,TE,45,47,59,55,51
Drake Maye,QB,43,48,51,64,55
Joe Burrow,QB,53,51,49,65,53
Terry McLaurin,WR,54,56,55,56,50
Luther Burden III,WR,66,52,60,48,49
Jameson Williams,WR,59,58,54,58,56
Bhayshul Tuten,RB,62,63,52,50,60
TreVeyon Henderson,RB,68,53,61,51,62
Jadarian Price,RB,64,67,58,52,66
Rome Odunze,WR,57,65,63,59,65
Jayden Daniels,QB,47,64,64,73,67
Jalen Hurts,QB,48,60,65,76,71
Mike Evans,WR,82,61,62,62,64
Harold Fannin Jr.,TE,63,68,79,60,76
Christian Watson,WR,85,69,68,70,59
Rhamondre Stevenson,RB,71,81,75,67,58
Tucker Kraft,TE,78,62,72,71,74
Kyle Pitts Sr.,TE,58,70,66,84,81
Jaylen Warren,RB,87,73,67,61,72
Sam LaPorta,TE,61,59,73,88,83
Parker Washington,WR,84,76,78,69,61
Carnell Tate,WR,67,66,87,81,68
Marvin Harrison Jr.,WR,73,75,69,80,73
Dak Prescott,QB,72,78,57,92,80
Courtland Sutton,WR,69,80,76,78,77
Caleb Williams,QB,80,71,70,89,70
Brian Thomas Jr.,WR,93,72,81,82,69
Rico Dowdle,RB,95,85,74,63,84
DK Metcalf,WR,74,74,88,86,79
Tony Pollard,RB,96,84,71,74,78
Jonathon Brooks,RB,106,109,84,68,63
RJ Harvey,RB,134,79,85,66,75
Trevor Lawrence,QB,81,100,77,94,88
Michael Wilson,WR,94,83,102,72,92
Justin Herbert,QB,98,82,86,97,85
J.K. Dobbins,RB,107,94,83,83,93
Chuba Hubbard,RB,113,77,97,85,90
George Kittle,TE,83,90,90,102,102
Matthew Stafford,QB,70,96,91,120,94
Jaxson Dart,QB,65,91,106,110,106
Alec Pierce,WR,90,101,82,101,108
Michael Pittman Jr.,WR,79,102,112,99,95
Travis Kelce,TE,86,92,100,98,114
Chris Godwin Jr.,WR,139,95,93,79,86
Wan'Dale Robinson,WR,104,116,107,75,100
Brandon Aubrey,K,76,93,104,111,119
Houston Texans,DST,77,98,99,128,103
Kenny Gainwell,RB,108,112,94,93,101
Kyle Monangai,RB,119,99,108,87,98
Patrick Mahomes II,QB,99,106,96,118,105
Blake Corum,RB,129,103,105,91,97
Stefon Diggs,WR,117,113,115,103,82
Jordan Mason,RB,135,117,98,77,104
Jordan Addison,WR,105,104,116,104,107
Isaiah Likely,TE,118,108,95,95,123
Bo Nix,QB,75,120,117,112,116
Quentin Johnston,WR,133,111,101,106,89
Jacory Croskey-Merritt,RB,121,114,103,90,113
Brock Purdy,QB,92,121,92,126,112
Jake Ferguson,TE,102,97,118,117,109
Josh Downs,WR,128,107,114,100,99
Dallas Goedert,TE,88,123,80,145,124
Jakobi Meyers,WR,103,110,123,114,111
Makai Lemon,WR,137,87,130,113,96
Los Angeles Rams,DST,97,88,110,141,129
Rachaad White,RB,131,131,122,96,87
Denver Broncos,DST,89,119,89,143,127
Jayden Reed,WR,116,115,128,108,110
Aaron Jones Sr.,RB,123,124,111,107,115
Dalton Kincaid,TE,122,89,124,129,130
Seattle Seahawks,DST,101,105,113,146,142
Jared Goff,QB,132,133,109,121,117
Matthew Golden,WR,91,128,135,139,125
De'Zhaun Stribling,WR,147,156,119,109,91
Mark Andrews,TE,112,129,120,125,139
KC Concepcion,WR,140,122,127,123,118
Xavier Worthy,WR,114,139,140,144,128
Deebo Samuel Sr.,WR,120,138,126,136,145
Jordyn Tyson,WR,178,86,139,127,143
Cameron Dicker,K,100,118,142,148,172
Romeo Doubs,WR,149,132,148,132,122
Jason Myers,K,110,127,121,160,169
Baker Mayfield,QB,144,141,129,142,134
Woody Marks,RB,145,162,136,105,144
Ka'imi Fairbairn,K,127,130,132,152,151
Kyler Murray,QB,142,159,134,140,126
Zach Charbonnet,RB,155,145,138,116,148
Philadelphia Eagles,DST,130,126,131,153,163
Khalil Shakir,WR,115,140,158,156,135
Chris Rodriguez Jr.,RB,176,142,137,119,132
Rashid Shaheed,WR,151,147,141,131,147
Tyler Allgeier,RB,167,146,152,124,140
Tyjae Spears,RB,160,168,144,115,149
Jalen Coker,WR,159,144,154,149,133
Jordan Love,QB,157,148,150,161,131
Cam Little,K,136,134,164,157,171
Alvin Kamara,RB,161,161,155,138,156
Pittsburgh Steelers,DST,109,160,149,177,178
Tyrone Tracy Jr.,RB,219,163,133,122,136
Mike Washington Jr.,RB,171,172,143,147,141
Tyler Shough,QB,153,182,153,151,138
New England Patriots,DST,148,137,156,166,174
Juwan Johnson,TE,163,187,147,130,157
Isiah Pacheco,RB,164,185,151,137,153
Hunter Henry,TE,138,135,169,165,194
Keaton Mitchell,RB,195,180,163,134,137
Baltimore Ravens,DST,126,136,159,209,185
Minnesota Vikings,DST,193,151,125,169,179
Brenton Strange,TE,185,152,146,180,154
T.J. Hockenson,TE,125,164,192,171,175
Jake Bates,K,156,143,168,172,191
Brian Robinson Jr.,RB,170,153,185,155,170
Harrison Mevis,K,124,149,182,179,204
Denzel Boston,WR,175,165,177,163,158
Kenyon Sadiq,TE,143,150,186,185,180
Jonah Coleman,RB,210,167,161,133,176
Malik Willis,QB,179,194,162,170,146
Tank Bigsby,RB,203,177,175,150,166
Tank Dell,WR,154,174,173,182,189
Keenan Allen,WR,181,197,180,196,121
Los Angeles Chargers,DST,168,178,166,184,186
Jacksonville Jaguars,DST,186,169,181,175,181
Ja'Kobi Lane,WR,182,157,171,167,226
Eddy Pineiro,K,146,171,199,193,210
Daniel Jones,QB,158,205,157,208,197
Jerry Jeudy,WR,174,190,195,176,195
Tyler Loop,K,169,201,203,178,182
Chig Okonkwo,TE,231,186,187,168,162
C.J. Stroud,QB,172,204,165,203,190
Tre Tucker,WR,188,203,184,201,160
Dalton Schultz,TE,187,193,174,200,184
Detroit Lions,DST,150,154,170,257,215
Harrison Butker,K,141,175,188,230,219
Sam Darnold,QB,162,176,145,181,309
Green Bay Packers,DST,192,202,207,190,209
Dallas Cowboys,DST,177,198,189,214,255
Will Reichard,K,180,170,204,224,259
AJ Barner,TE,208,184,200,243,208
MarShawn Lloyd,RB,,199,160,135,120
Calvin Ridley,WR,189,320,194,158,201
Evan McPherson,K,202,181,206,259,214
Kansas City Chiefs,DST,166,211,208,262,216
Buffalo Bills,DST,197,225,190,235,223
Cooper Kupp,WR,198,229,201,250,212
Dylan Sampson,RB,,188,167,159,161
Cairo Santos,K,190,217,197,263,254
Oronde Gadsden II,TE,,125,196,211,155
Jalen Nailor,WR,,183,191,154,167
Chicago Bears,DST,209,230,202,268,233
Braelon Allen,RB,,208,172,162,177
Cyrus Allen,WR,213,173,,192,150
Jauan Jennings,WR,,195,212,188,152
Cleveland Browns,DST,152,353,205,258,222
Chase McLaughlin,K,252,235,209,232,266
Jalen McMillan,WR,191,209,,207,168
Terrance Ferguson,TE,173,207,,239,159
Cam Ward,QB,201,214,,217,200
Fernando Mendoza,QB,183,179,,216,260
David Njoku,TE,217,206,,174,242
Chris Boswell,K,165,158,,254,265
Wil Lutz,K,222,321,214,264,276
James Conner,RB,,219,211,225,207
Caleb Douglas,WR,206,221,,198,240
Bryce Young,QB,196,237,,236,205
Greg Dulcich,TE,,248,210,227,211
San Francisco 49ers,DST,194,226,,261,236
Tyreek Hill,WR,232,216,,223,249
Trey Smack,K,184,218,,251,268
Aaron Rodgers,QB,204,243,,255,229
Pat Freiermuth,TE,200,273,,238,221
Adonai Mitchell,WR,262,256,,218,203
Malachi Fields,WR,274,234,,189,244
Travis Hunter,WR,111,166,,246,
Cade Otton,TE,,261,213,273,227
Jake Elliott,K,199,224,,272,290
New York Giants,DST,211,267,,245,262
Kaelon Black,RB,,,179,183,183
New Orleans Saints,DST,,294,183,267,251
Omar Cooper Jr.,WR,,189,,202,165
Malik Washington,WR,,200,,186,173
Kayshon Boutte,WR,,258,,173,164
Justice Hill,RB,,,215,191,192
Emmett Johnson,RB,,196,,199,220
Zachariah Branch,WR,,191,,212,217
Andy Borregales,K,,155,,210,257
Tampa Bay Buccaneers,DST,291,253,,270,252
Christian Kirk,WR,296,281,,221,272
Ray Davis,RB,,244,,195,196
Tre' Harris,WR,,249,,194,193
Jordan James,RB,,,193,222,228
Jaydon Blue,RB,,247,,197,199
Nicholas Singleton,RB,,210,,205,250
Atlanta Falcons,DST,,241,198,,237
Isaac TeSlaa,WR,,213,,276,188
Tyler Bass,K,215,399,,265,246
Kimani Vidal,RB,,263,,234,198
Ryan Flournoy,WR,,251,,274,187
Germie Bernard,WR,,250,,219,245
Sean Tucker,RB,,290,,204,224
Las Vegas Raiders,DST,227,375,,279,284
Jaylin Noel,WR,,215,,237,279
Kaytron Allen,RB,,270,,220,241
Jacoby Brissett,QB,,287,,228,218
Antonio Williams,WR,,264,,269,206
Najee Harris,RB,,228,,206,307
Shedeur Sanders,QB,220,259,,,267
Pat Bryant,WR,,238,,242,270
Tennessee Titans,DST,278,363,,278,285
J.J. McCarthy,QB,224,231,,,308
Demond Claiborne,RB,,285,,215,280
Keon Coleman,WR,,257,,248,275
Jaylen Wright,RB,,302,,231,248
Carolina Panthers,DST,234,266,,,282
Emanuel Wilson,RB,,312,,247,231
Darnell Mooney,WR,,308,,271,213
Chris Bell,WR,,276,,244,277
Cincinnati Bengals,DST,238,278,,,292
Jake Tonges,TE,,279,,260,269
Devaughn Vele,WR,,272,,233,314
Dontayvion Wicks,WR,,,,187,202
Eli Stowers,TE,294,268,,,273
Blake Grupe,K,,,176,277,394
Kaleb Johnson,RB,,220,,252,397
Ty Simpson,QB,264,283,,,323
Kyle Williams,WR,267,227,,,391
George Holani,RB,,,,213,230
Brandon Aiyuk,WR,285,315,,,291
Nick Folk,K,,384,178,,346
Joey Slye,K,239,,,275,395
Indianapolis Colts,DST,,222,,,256
Gunnar Helm,TE,,255,,,232
Rashod Bateman,WR,,254,,,243
Washington Commanders,DST,223,,,,278
Samaje Perine,RB,,,,241,261
Troy Franklin,WR,,282,,,225
Ted Hurst III,WR,,271,,,238
Michael Penix Jr.,QB,,240,,,271
Joe Mixon,RB,342,239,,,373
Mason Taylor,TE,,232,,,281
Tua Tagovailoa,QB,,260,,,253
Darnell Washington,TE,218,,,,300
Matt Gay,K,212,346,,,403
Miami Dolphins,DST,214,400,,,354
Marvin Mims Jr.,WR,,223,,,305
Jack Bech,WR,,265,,,264
Cole Kmet,TE,226,,,,304
Kirk Cousins,QB,292,,,,247
Tory Horton,WR,,242,,,298
Riley Patterson,K,255,356,,,375
DJ Giddens,RB,,,,253,296
Ollie Gordon II,RB,,,,266,283
Devin Singletary,RB,,,,226,324
Colby Parkinson,TE,,316,,,234
Drew Stevens,K,250,,,,303
Arizona Cardinals,DST,233,367,,,407
Charlie Smyth,K,,359,,256,398
Jameis Winston,QB,265,,,,306
Carson Beck,QB,275,,,,299
Elic Ayomanor,WR,,280,,,294
Dawson Knox,TE,228,,,,347
Drew Allar,QB,245,,,,334
Hollywood Brown,WR,297,,,,287
Luke McCaffrey,WR,256,,,,331
Ben Sauls,K,230,,,,358
Jalen Tolbert,WR,,,,240,349
Joe Flacco,QB,257,,,,340
Kendre Miller,RB,,233,,,366
Jason Sanders,K,236,,,,365
Ty Johnson,RB,,,,249,352
Chad Ryland,K,247,,,,355
Justin Fields,QB,293,,,,310
Brashard Smith,RB,,236,,,369
Theo Johnson,TE,,252,,,353
Malik Davis,RB,305,,,,301
Trey Benson,RB,306,325,,,420
Andre Szmyt,K,244,,,,371
Kareem Hunt,RB,407,,,229,426
Josh Williams,RB,276,,,,344
Chimere Dike,WR,,246,,,377
Ja'Tavion Sanders,TE,263,,,,361
Elijah Arroyo,TE,249,,,,378
Kyle Allen,QB,302,,,,325
Colbie Young,WR,316,,,,311
Ryan Fitzgerald,K,229,,,,399
Jake Moody,K,261,,,,367
Hunter Luepke,RB,323,311,,,
Mac Jones,QB,314,,,,320
Tyler Higbee,TE,235,,,,400
Joshua Palmer,WR,279,,,,357
Elijah Sarratt,WR,432,245,,,402
Eli Raridon,TE,281,,,,356
Devin Neal,RB,,212,,,433
Devontez Walker,WR,359,,,,286
Konata Mumpfield,WR,319,,,,327
Spencer Shrader,K,243,,,,404
Odell Beckham Jr.,WR,207,,,,
Justin Tucker,K,216,,,,
Philip Rivers,QB,221,,,,
Cade Klubnik,QB,332,,,,332
Younghoe Koo,K,225,,,,
KaVontae Turpin,WR,241,,,,427
Zavion Thomas,WR,317,,,,351
Jordan Whittington,WR,298,,,,374
J.J. Taylor,RB,347,327,,,
Max Klare,TE,424,305,,,389
Evan Engram,TE,,,,,235
Lil'Jordan Humphrey,WR,237,,,,
Skyler Bell,WR,321,,,,359
Mike Gesicki,TE,,,,,239
Noah Gray,TE,253,,,,430
Dominic Zvada,K,242,,,,
Will Kacmarek,TE,315,,,,372
Elijah Higgins,TE,295,,,,393
Caden Davis,K,246,,,,
Sal Cannella,TE,248,,,,
Tommy Tremble,TE,277,,,,414
Mack Hollins,WR,282,,,,409
Brock Wright,TE,251,,,,
Tommy DeVito,QB,254,,,,
Quinn Ewers,QB,334,,,,364
Luke Schoonmaker,TE,258,,,,
Emari Demercado,RB,,,,,258
Ezekiel Elliott,RB,259,,,,
Kadarius Toney,WR,260,,,,
Noah Fant,TE,318,,,,385
Audric Estime,RB,,262,,,
Geno Smith,QB,,,,,263
Kyle Juszczyk,RB,266,,,,
Joshua Dobbs,QB,268,,,,
Josh Oliver,TE,280,,,,431
Jermar Jefferson,RB,269,,,,
Isaiah McKoy,WR,,269,,,
Joe Milton III,QB,271,,,,
Calvin Austin III,WR,326,,,,388
Tyrod Taylor,QB,377,,,,337
DeWayne McBride,RB,272,,,,
Luke Lachey,TE,273,,,,
Tyler Huntley,QB,381,,,,335
Deshaun Watson,QB,,,,,274
Tim Boyle,QB,,274,,,
Jarquez Hunter,RB,,275,,,
Luke Musgrave,TE,283,,,,435
AJ Dillon,RB,390,,,,328
Bailey Gaither,WR,,277,,,
Dont'e Thornton Jr.,WR,370,,,,350
Malachi Corley,WR,,284,,,
Efton Chism III,WR,284,,,,
Dion Lewis,RB,,286,,,
Israel Abanikanda,RB,286,,,,
Brandon McManus,K,287,,,,
Michael Pratt,QB,288,,,,
Chris Brooks,RB,,,,,288
Andy Dalton,QB,389,,,,342
Jelani Woods,TE,,289,,,
Jude McAtamney,K,289,,,,
LeQuint Allen Jr.,RB,,,,,289
Ja'Corey Brooks,WR,290,,,,
Coleman Owen,WR,,291,,,
Godwin Igwebuike,RB,,292,,,
Andrei Iosivas,WR,,,,,293
Darren Waller,TE,,,,,295
Josh Pederson,TE,,295,,,
Tanner Gentry,WR,,297,,,
Camden Brown,WR,,,,,297
Briley Moore,TE,,298,,,
Adam Trautman,TE,299,,,,
Ramel Keyton,WR,,299,,,
Cade York,K,310,,,,432
Jake Browning,QB,425,,,,317
D.J. Foster,RB,,300,,,
Kenny Pickett,QB,300,,,,
Jahdae Walker,WR,301,,,,
Tyquan Thornton,WR,,,,,302
Jarveon Howard,RB,,303,,,
Kaden Wetjen,WR,303,,,,
Ray-Ray McCloud III,WR,304,,,,
Bryce Lance,WR,429,,,,318
Lincoln Sefcik,TE,,306,,,
Xavier Smith,WR,373,,,,376
Kenjon Barner,RB,,307,,,
Dalvin Cook,RB,307,,,,
Matt Prater,K,309,,,,
Michael Trigg,TE,,309,,,
Garrett Gilbert,QB,,310,,,
John Samuel Shenker,TE,311,,,,
Xavier Legette,WR,,,,,312
Tommy Mellott,WR,312,,,,
Darius Slayton,WR,,,,,313
Dylan Drummond,WR,,313,,,
Junior Bergen,WR,313,,,,
Jalen Royals,WR,369,,,,387
Martavis Bryant,WR,,314,,,
Tahj Brooks,RB,,,,,315
Justin Joly,TE,375,,,,383
Demarcus Robinson,WR,376,,,,382
Michael Mayer,TE,,,,,316
JJ Laap,WR,,317,,,
Marcus Mariota,QB,,,,,319
Josh Adams,RB,,319,,,
Roman Wilson,WR,320,,,,
Malik Benson,WR,426,,,,338
Trey Lance,QB,451,,,,321
Montrell Washington,WR,,,,,322
Jackson Hawes,TE,322,,,,
Charlie Kolar,TE,430,,,,336
Messiah Swinson,TE,,324,,,
Jimmy Horn Jr.,WR,324,,,,
KeAndre Lambert-Smith,WR,325,,,,
Salvon Ahmed,RB,,,,,326
Barion Brown,WR,327,,,,
Sage Surratt,WR,,328,,,
Tanner McKee,QB,328,,,,
Brevyn Spann-Ford,TE,329,,,,
Andrew Peasley,QB,,329,,,
Robert Tonyan,TE,473,,,,329
Tai Felton,WR,330,,,,
Dean Connors,RB,,,,,330
Jonathan Mingo,WR,331,,,,
Jeremiah Haydel,WR,,331,,,
Dylan McDuffie,RB,,332,,,
Drew Lock,QB,333,,,,
Will Shipley,RB,,,,,333
Matt Seybert,TE,,334,,,
Anthony Richardson Sr.,QB,354,,,,423
Braxton Berrios,WR,335,,,,
Chamon Metayer,TE,,335,,,
Austin Hooper,TE,353,,,,425
John Franklin III,WR,,336,,,
Myles Price,WR,336,,,,
Skyy Moore,WR,337,,,,
Trayveon Williams,RB,338,,,,
Tyree Mayfield,TE,,338,,,
Jalen Hurd,WR,,339,,,
Mecole Hardman Jr.,WR,339,,,,
Mason Rudolph,QB,478,,,,339
Marquez Valdes-Scantling,WR,340,,,,
Reggie White Jr.,WR,,340,,,
Isaiah Bond,WR,362,,,,421
Stetson Bennett IV,QB,341,,,,
Rashod Owens,WR,,342,,,
MyCole Pruitt,TE,,343,,,
John Ross,WR,343,,,,
Tanner Koziol,TE,,,,,343
Daniel Carlson,K,344,,,,
Matt Colburn II,RB,,344,,,
Greg Dortch,WR,371,,,,416
DeAndre Hopkins,WR,345,,,,
Jacardia Wright,RB,,,,,345
Thayer Thomas,WR,,347,,,
Trenton Cannon,RB,,348,,,
Tanner Brown,K,348,,,,
New York Jets,DST,,380,,,411
Marlin Klein,TE,455,,,,348
Jordan Travis,QB,349,,,,
Jacoby Jones,LB,,350,,,
Parker Romo,K,350,,,,
D.J. Williams,RB,351,,,,
Jeshaun Jones,WR,,351,,,
Jacob Kibodi,RB,352,,,,
Durham Smythe,TE,366,,,,429
Tez Johnson,WR,367,,,,428
Eric Ebron,TE,,354,,,
Jarrett Stidham,QB,355,,,,
Tyson Bagent,QB,356,,,,
Matthew Slater,WR,,357,,,
Sam Howell,QB,357,,,,
Kalif Raymond,WR,358,,,,
Devin Gray,WR,,358,,,
Mo Alie-Cox,TE,363,,,,439
Drew Sample,TE,360,,,,
Jahan Dotson,WR,,,,,360
Cade Stover,TE,361,,,,
Carlos Washington Jr.,RB,,361,,,
Seth McGowan,RB,,,,,362
JaQuan Hardy,RB,,362,,,
Nate Boerkircher,TE,368,,,,438
Connor Heyward,TE,446,,,,363
Xavier Johnson,WR,,364,,,
Brenen Thompson,WR,364,,,,
James Washington,WR,,365,,,
Justin Watson,WR,365,,,,
T.J. Vasher,WR,,366,,,
Raheim Sanders,RB,,,,,368
Colton Dowell,WR,,368,,,
Jaylin Lane,WR,,,,,370
Bryce Love,RB,,371,,,
Zane Gonzalez,K,409,,,,405
Bo Melton,WR,372,,,,
Corey Rucker,WR,,372,,,
Ben Bryant,QB,,373,,,
Anthony Hill Jr.,LB,,374,,,
CJ Daniels,WR,374,,,,
Deontay Burnett,WR,,376,,,
Jake Herslow,WR,,377,,,
Tyler Conklin,TE,378,,,,
Jordon Vaughn,RB,,378,,,
Josh Whyle,TE,379,,,,
Luke Drzewiecki,K,,379,,,
Max Bredeson,RB,450,,,,379
Isaiah Davis,RB,,,,,380
Sam Roush,TE,380,,,,
Isaac Guerendo,RB,,,,,381
Kole Wilson,WR,,381,,,
Logan Woodside,QB,,382,,,
Osirus Mitchell,WR,,383,,,
Darius Cooper,WR,383,,,,
Reggie Gilliam,RB,384,,,,
John Metchie III,WR,,,,,384
Patrick Ricard,RB,385,,,,
Ben Skowronek,WR,386,,,,
Gardner Minshew II,QB,464,,,,386
David Moore,WR,387,,,,
Carson Wentz,QB,388,,,,
Trey Potts,RB,,389,,,
Gary Jennings Jr.,WR,,390,,,
Jawhar Jordan,RB,,,,,390
Van Jefferson,WR,391,,,,
Treyton Pickering,TE,,391,,,
Albert Okwuegbunam Jr.,TE,392,,,,
Trevor Etienne,RB,,,,,392
Jordan Akins,TE,,393,,,
Zach Wilson,QB,393,,,,
D.J. Montgomery,WR,394,,,,
Jermod McCoy,CB,,394,,,
Roschon Johnson,RB,395,,,,
Casey Bauman,QB,,395,,,
Kenny McIntosh,RB,,,,,396
Jake Bobo,WR,396,,,,
Joshua Simon,TE,,396,,,
Brycen Tremayne,WR,,397,,,
Carson Steele,RB,397,,,,
Frank Gore Jr.,RB,398,,,,
Dillon Gabriel,QB,399,,,,
Daniel Bellinger,TE,436,,,,406
Olamide Zaccheaus,WR,434,,,,408
Jalen Milroe,QB,400,,,,
Taywan Taylor,WR,,401,,,
Tutu Atwell,WR,,,,,401
Will Howard,QB,401,,,,
Ulysses Bentley IV,RB,402,,,,
Taysom Hill,TE,403,,,,
Equanimeous St. Brown,WR,404,,,,
Austin Seibert,K,405,,,,
JuJu Smith-Schuster,WR,406,,,,
Austin Ekeler,RB,408,,,,
Derek Carr,QB,410,,,,
Nick Westbrook-Ikhine,WR,,,,,410
Zach Ertz,TE,411,,,,
Jimmy Garoppolo,QB,412,,,,
DeMario Douglas,WR,,,,,412
Dustin Hopkins,K,413,,,,
Adam Randall,RB,,,,,413
Greg Zuerlein,K,414,,,,
Kevin Coleman Jr.,WR,433,,,,424
Antonio Gibson,RB,415,,,,
Riley Leonard,QB,452,,,,415
Dorian Thompson-Robinson,QB,416,,,,
Xavier Hutchinson,WR,,,,,417
Joshua Karty,K,417,,,,
Treylon Burks,WR,,,,,418
Brenden Rice,WR,418,,,,
Kendrick Bourne,WR,,,,,419
Devin Leary,QB,419,,,,
Thomas Odukoya,TE,420,,,,
Aaron Shampklin,RB,421,,,,
Jermaine Jackson,WR,422,,,,
Jerome Ford,RB,495,,,,422
Jacob Saylors,RB,423,,,,
Dyami Brown,WR,427,,,,
Isaiah Williams,WR,428,,,,
John Bates,TE,431,,,,
Jaleel McLaughlin,RB,,,,,434
Oscar Delp,TE,441,,,,436
Ashton Dulin,WR,435,,,,
Ben Sinnott,TE,437,,,,
Savion Williams,WR,,,,,437
Jeremy Ruckert,TE,438,,,,
Davis Allen,TE,439,,,,
Payne Durham,TE,440,,,,
Chris Brazzell II,WR,,,,,440
Alec Ingold,RB,442,,,,
Joe Royer,TE,443,,,,
Brendan Sorsby,QB,,,,,443
Tyrell Shavers,WR,444,,,,
Adam Prentice,RB,445,,,,
Michael Burton,RB,447,,,,
Luke Farrell,TE,448,,,,
Mitch Tinsley,WR,449,,,,
CJ Dippre,TE,453,,,,
Spencer Rattler,QB,454,,,,
Eric Saubert,TE,456,,,,
Andrew Beck,TE,457,,,,
Davis Mills,QB,458,,,,
Charlie Woerner,TE,459,,,,
Riley Nowakowski,TE,460,,,,
Reggie Virgil,WR,461,,,,
Mitchell Trubisky,QB,462,,,,
Cedric Tillman,WR,463,,,,
Chris Manhertz,TE,465,,,,
Arian Smith,WR,466,,,,
Charlie Jones,WR,467,,,,
British Brooks,RB,468,,,,
LaJohntay Wester,WR,469,,,,
Britain Covey,WR,470,,,,
Josh Cameron,WR,471,,,,
Mason Kinsey,WR,472,,,,
River Cracraft,WR,474,,,,
Cedrick Wilson Jr.,WR,475,,,,
Cooper Rush,QB,476,,,,
Dare Ogunbowale,RB,477,,,,
Phillip Dorsett II,WR,479,,,,
Scotty Miller,WR,480,,,,
Travis Homer,RB,481,,,,
Tim Patrick,WR,482,,,,
Case Keenum,QB,483,,,,
Josh Johnson,QB,484,,,,
Gunner Olszewski,WR,485,,,,
D'Ernest Johnson,RB,486,,,,
Tom Kennedy,WR,487,,,,
Quez Watkins,WR,488,,,,
Ihmir Smith-Marsette,WR,489,,,,
Cody White,WR,490,,,,
Patrick Taylor Jr.,RB,491,,,,
Zamir White,RB,492,,,,
Grant Calcaterra,TE,493,,,,
Ty Chandler,RB,494,,,,
Bailey Zappe,QB,496,,,,
Julius Chestnut,RB,497,,,,
Ronnie Rivers,RB,498,,,,
Will Levis,QB,499,,,,
Aidan O'Connell,QB,500,,,,
