overall_rank,player,position,tier
1,Jahmyr Gibbs,RB,1
2,Bijan Robinson,RB,1
3,Ja'Marr Chase,WR,2
4,Puka Nacua,WR,2
5,Jaxon Smith-Njigba,WR,3
6,Christian McCaffrey,RB,3
7,Amon-Ra St. Brown,WR,3
8,James Cook,RB,4
9,Jonathan Taylor,RB,4
10,Ashton Jeanty,RB,4
11,Saquon Barkley,RB,5
12,Chase Brown,RB,5
13,Kenneth Walker,RB,5
14,CeeDee Lamb,WR,6
15,Justin Jefferson,WR,6
16,Derrick Henry,RB,6
17,De'Von Achane,RB,6
18,Omarion Hampton,RB,6
19,Drake London,WR,7
20,Brock Bowers,TE,7
21,AJ Brown,WR,8
22,Malik Nabers,WR,8
23,Nico Collins,WR,8
24,Chris Olave,WR,8
25,George Pickens,WR,8
26,DeVonta Smith,WR,9
27,Zay Flowers,WR,9
28,Breece Hall,RB,9
29,Rashee Rice,WR,9
30,Trey McBride,TE,9
31,Josh Allen,QB,9
32,Javonte Williams,RB,9
33,Kyren Williams,RB,9
34,Emeka Egbuka,WR,10
35,Jeremiyah Love,RB,10
36,Josh Jacobs,RB,10
37,Jaylen Waddle,WR,10
38,Ladd McConkey,WR,10
39,Tee Higgins,WR,10
40,Tetairoa McMillan,WR,10
41,Garrett Wilson,WR,11
42,Luther Burden,WR,11
43,Colston Loveland,TE,11
44,Travis Etienne,RB,11
45,Cam Skattebo,RB,11
46,Terry McLaurin,WR,11
47,David Montgomery,RB,11
48,D'Andre Swift,RB,11
49,Bhayshul Tuten,RB,11
50,Quinshon Judkins,RB,11
51,Parker Washington,WR,11
52,Mike Evans,WR,11
53,Christian Watson,WR,11
54,Davante Adams,WR,11
55,DJ Moore,WR,11
56,Lamar Jackson,QB,12
57,Bucky Irving,RB,12
58,Jameson Williams,WR,12
59,Rome Odunze,WR,13
60,Rhamondre Stevenson,RB,13
61,Jadarian Price,RB,13
62,TreVeyon Henderson,RB,13
63,Tyler Warren,TE,13
64,Carnell Tate,WR,13
65,Drake Maye,QB,13
66,Jayden Daniels,QB,13
67,Jalen Hurts,QB,13
68,Jaylen Warren,RB,14
69,Joe Burrow,QB,14
70,Jonathon Brooks,RB,14
71,Chris Godwin,WR,14
72,Tucker Kraft,TE,14
73,Marvin Harrison,WR,14
74,Stefon Diggs,WR,15
75,Rico Dowdle,RB,15
76,DK Metcalf,WR,15
77,Josh Downs,WR,15
78,Tony Pollard,RB,16
79,Brian Thomas,WR,16
80,Wan'Dale Robinson,WR,16
81,Kenneth Gainwell,RB,16
82,Sam LaPorta,TE,16
83,RJ Harvey,RB,16
84,Harold Fannin,TE,17
85,Michael Pittman,WR,17
86,Chuba Hubbard,RB,17
87,Caleb Williams,QB,17
88,Justin Herbert,QB,17
89,Trevor Lawrence,QB,17
90,Jaxson Dart,QB,17
91,Brock Purdy,QB,17
92,Kyle Pitts,TE,17
93,Jordan Mason,RB,17
94,Jayden Reed,WR,17
95,George Kittle,TE,18
96,Courtland Sutton,WR,18
97,Michael Wilson,WR,18
98,Jordan Addison,WR,18
99,Makai Lemon,WR,18
100,Quentin Johnston,WR,18
101,Blake Corum,RB,18
102,Dak Prescott,QB,18
103,KC Concepcion,WR,18
104,Dalton Kincaid,TE,19
105,Kyle Monangai,RB,19
106,JK Dobbins,RB,19
107,De'Zhaun Stribling,WR,19
108,Matthew Golden,WR,19
109,Bo Nix,QB,19
110,Jacory Croskey-Merritt,RB,20
111,Jakobi Meyers,WR,20
112,Patrick Mahomes,QB,20
113,Tyler Shough,QB,20
114,Kyler Murray,QB,20
115,Rachaad White,RB,20
116,Aaron Jones,RB,20
117,Matthew Stafford,QB,20
118,Malik Willis,QB,20
119,Travis Kelce,TE,20
120,Dallas Goedert,TE,20
121,Isaiah Likely,TE,20
122,Jalen Coker,WR,21
123,Jared Goff,QB,21
124,Chris Rodriguez,RB,21
125,Deebo Samuel,WR,21
126,Xavier Worthy,WR,21
127,Alec Pierce,WR,21
128,Keaton Mitchell,RB,21
129,Jordan Love,QB,21
130,Baker Mayfield,QB,21
131,Romeo Doubs,WR,21
132,Jordyn Tyson,WR,22
133,Mark Andrews,TE,22
134,Rashid Shaheed,WR,22
135,Zach Charbonnet,RB,22
136,Tyjae Spears,RB,22
137,Khalil Shakir,WR,22
138,Jalen McMillan,WR,22
139,Denzel Boston,WR,22
140,Woody Marks,RB,22
141,Juwan Johnson,TE,22
142,Tyler Allgeier,RB,22
143,Tyrone Tracy,RB,23
144,Terrance Ferguson,TE,23
145,Jake Ferguson,TE,23
146,Kenyon Sadiq,TE,23
147,Keenan Allen,WR,23
148,Chig Okonkwo,TE,24
149,Dontayvion Wicks,WR,24
150,Pat Bryant,WR,24
151,Dalton Schultz,TE,25
152,Daniel Jones,QB,25
153,Sam Darnold,QB,25
154,Cam Ward,QB,25
155,CJ Stroud,QB,25
156,Brenton Strange,TE,25
157,Hunter Henry,TE,25
158,Tank Bigsby,RB,25
159,Dylan Sampson,RB,25
160,Jonah Coleman,RB,25
161,Alvin Kamara,RB,25
162,Travis Hunter,WR,26
163,Tre Harris,WR,26
164,Oronde Gadsden,TE,26
165,Jalen Nailor,WR,26
166,Devaughn Vele,WR,26
167,Cyrus Allen,WR,26
168,Tank Dell,WR,26
169,Jaydon Blue,RB,26
170,Caleb Douglas,WR,26
171,Adonai Mitchell,WR,26
172,Geno Smith,QB,26
173,Greg Dulcich,TE,26
174,MarShawn Lloyd,RB,26
175,Tre Tucker,WR,27
176,Jacoby Brissett,QB,27
177,TJ Hockenson,TE,27
178,Braelon Allen,RB,27
179,Jaylin Noel,WR,27
180,Isiah Pacheco,RB,27
181,Ray Davis,RB,27
182,Kimani Vidal,RB,27
183,Brian Robinson,RB,27
184,Aaron Rodgers,QB,27
185,Nick Singleton,RB,28
186,Kayshon Boutte,WR,28
187,Omar Cooper,WR,28
188,Ryan Flournoy,WR,28
189,Calvin Ridley,WR,28
190,Jauan Jennings,WR,28
191,Gunnar Helm,TE,28
192,Bryce Young,QB,28
193,Ja'Kobi Lane,WR,28
194,Rashod Bateman,WR,28
195,AJ Barner,TE,29
196,Zachariah Branch,WR,29
197,Sean Tucker,RB,29
198,Demond Claiborne,RB,29
199,Malik Washington,WR,29
200,Kaelon Black,RB,29
201,Emmett Johnson,RB,29
202,Mike Washington,RB,29
203,Isaac TeSlaa,WR,29
204,Kaytron Allen,RB,29
205,Germie Bernard,WR,30
206,George Holani,RB,30
207,Cade Otton,TE,30
208,Pat Freiermuth,TE,30
209,Najee Harris,RB,30
210,Bryce Lance,WR,30
211,Jerry Jeudy,WR,30
212,Tory Horton,WR,30
213,Colby Parkinson,TE,31
214,Tua Tagovailoa,QB,31
215,Antonio Williams,WR,31
216,Troy Franklin,WR,31
217,Jalen Tolbert,WR,31
218,Ted Hurst,WR,31
219,Chris Bell,WR,31
220,Isaiah Davis,RB,32
221,Fernando Mendoza,QB,32
222,Justice Hill,RB,32
223,Evan Engram,TE,32
224,James Conner,RB,32
225,David Njoku,TE,32
226,Michael Mayer,TE,32
227,Malachi Fields,WR,32
228,Jordan James,RB,32
229,Demario Douglas,WR,32
230,Xavier Hutchinson,WR,33
231,Darnell Mooney,WR,33
232,LeQuint Allen,RB,33
233,Mike Gesicki,TE,33
234,Emanuel Wilson,RB,33
235,Eli Stowers,TE,33
236,Cooper Kupp,WR,33
237,Christian Kirk,WR,33
238,Eli Raridon,TE,33
239,Tyquan Thornton,WR,34
240,Elic Ayomanor,WR,34
241,Kyle Williams,WR,34
242,Chris Brooks,RB,34
243,Tez Johnson,WR,34
244,Samaje Perine,RB,34
245,Darius Slayton,WR,34
246,Devin Singletary,RB,35
247,Malik Davis,RB,35
248,Demarcus Robinson,WR,35
249,Jake Tonges,TE,35
250,Darnell Washington,TE,35
