player,position,proj_ppr,proj_std,rec,sources_used
Josh Allen,BUF,QB,369.5,369.5,0.0,3
Lamar Jackson,BAL,QB,334.0,334.0,0.0,3
Jalen Hurts,PHI,QB,327.1,327.1,0.0,3
Jayden Daniels,WAS,QB,326.2,326.2,0.0,3
Drake Maye,NE,QB,321.9,321.9,0.0,3
Joe Burrow,CIN,QB,320.4,320.4,0.0,3
Jaxson Dart,NYG,QB,317.2,317.2,0.0,3
Trevor Lawrence,JAX,QB,315.7,315.7,0.0,3
Caleb Williams,CHI,QB,315.5,315.5,0.0,3
Dak Prescott,DAL,QB,308.3,308.3,0.0,3
Bo Nix,DEN,QB,306.2,306.2,0.0,3
Justin Herbert,LAC,QB,304.5,304.5,0.0,3
Jared Goff,DET,QB,303.9,303.9,0.0,3
Brock Purdy,SF,QB,303.8,303.8,0.0,3
Matthew Stafford,LAR,QB,298.9,298.9,0.0,3
Kyler Murray,MIN,QB,298.4,298.4,0.0,3
Tyler Shough,NO,QB,297.1,297.1,0.0,3
Baker Mayfield,TB,QB,296.3,296.3,0.0,3
Patrick Mahomes,KC,QB,295.2,295.2,0.0,3
Malik Willis,MIA,QB,286.7,286.7,0.0,3
Jordan Love,GB,QB,269.0,269.0,0.0,3
C.J. Stroud,HOU,QB,262.4,262.4,0.0,3
Cam Ward,TEN,QB,257.8,257.8,0.0,3
Sam Darnold,SEA,QB,250.9,250.9,0.0,3
Daniel Jones,IND,QB,242.2,242.2,0.0,3
Bryce Young,CAR,QB,237.3,237.3,0.0,3
Aaron Rodgers,PIT,QB,232.2,232.2,0.0,3
Geno Smith,NYJ,QB,225.2,225.2,0.0,3
Jacoby Brissett,ARI,QB,211.1,211.1,0.0,3
Tua Tagovailoa,ATL,QB,156.7,156.7,0.0,3
Shedeur Sanders,CLE,QB,148.8,148.8,0.0,3
Kirk Cousins,LV,QB,118.1,118.1,0.0,3
Fernando Mendoza,LV,QB,107.4,107.4,0.0,3
Michael Penix Jr.,ATL,QB,96.3,96.3,0.0,3
Deshaun Watson,CLE,QB,58.5,58.5,0.0,3
Carson Beck,ARI,QB,56.0,56.0,0.0,2
Jahmyr Gibbs,DET,RB,374.6,300.1,74.5,3
Bijan Robinson,ATL,RB,361.4,287.4,74.0,3
Christian McCaffrey,SF,RB,343.6,263.8,79.8,3
James Cook III,BUF,RB,295.0,258.2,36.8,3
De'Von Achane,MIA,RB,291.9,228.1,63.8,3
Jonathan Taylor,IND,RB,290.5,249.8,40.8,3
Ashton Jeanty,LV,RB,269.4,216.9,52.5,3
Kenneth Walker,KC,RB,265.7,225.2,40.5,3
Chase Brown,CIN,RB,259.6,200.4,59.2,3
Omarion Hampton,LAC,RB,253.6,209.4,44.2,3
Saquon Barkley,PHI,RB,243.8,207.1,36.8,3
Derrick Henry,BAL,RB,239.8,224.0,15.8,3
Josh Jacobs,GB,RB,239.0,199.0,40.0,3
Jeremiyah Love,ARI,RB,228.8,187.2,41.5,3
Breece Hall,NYJ,RB,227.4,184.7,42.8,3
Cam Skattebo,NYG,RB,225.5,184.0,41.5,3
Kyren Williams,LAR,RB,225.3,191.6,33.8,3
D'Andre Swift,CHI,RB,223.6,184.4,39.2,3
Javonte Williams,DAL,RB,222.3,186.5,35.8,3
Bucky Irving,TB,RB,218.1,178.6,39.5,3
Bhayshul Tuten,JAX,RB,210.2,174.2,36.0,3
Travis Etienne Jr.,NO,RB,207.2,174.2,33.0,3
Quinshon Judkins,CLE,RB,205.9,176.9,29.0,3
TreVeyon Henderson,NE,RB,205.8,172.1,33.8,3
Rico Dowdle,PIT,RB,188.8,158.3,30.5,3
David Montgomery,HOU,RB,188.5,163.7,24.8,3
Jadarian Price,SEA,RB,185.7,164.9,20.8,3
Rhamondre Stevenson,NE,RB,179.5,145.7,33.8,3
Jacory Croskey-Merritt,WAS,RB,178.9,157.2,21.8,3
Jaylen Warren,PIT,RB,175.1,135.6,39.5,3
Kenny Gainwell,TB,RB,173.2,127.2,46.0,3
Chuba Hubbard,CAR,RB,168.4,139.4,29.0,3
Tony Pollard,TEN,RB,162.8,134.8,28.0,3
Tyjae Spears,TEN,RB,160.4,113.9,46.5,3
Jonathon Brooks,CAR,RB,158.0,129.0,29.0,3
Kyle Monangai,CHI,RB,157.2,135.9,21.2,3
Jordan Mason,MIN,RB,155.3,138.3,17.0,3
J.K. Dobbins,DEN,RB,154.1,136.1,18.0,3
Rachaad White,WAS,RB,151.5,109.2,42.2,3
Blake Corum,LAR,RB,151.2,129.4,21.8,3
Tyrone Tracy Jr.,NYG,RB,145.6,116.8,28.8,3
RJ Harvey,DEN,RB,136.9,103.9,33.0,3
Aaron Jones Sr.,MIN,RB,135.0,106.5,28.5,3
Woody Marks,HOU,RB,118.4,94.6,23.8,3
Chris Rodriguez Jr.,JAX,RB,111.6,100.6,11.0,3
Isiah Pacheco,DET,RB,110.8,89.8,21.0,3
Jonah Coleman,DEN,RB,109.0,88.5,20.5,3
Keaton Mitchell,LAC,RB,108.8,83.8,25.0,3
Dylan Sampson,CLE,RB,107.1,73.8,33.2,3
Tyler Allgeier,ARI,RB,106.3,88.8,17.5,3
Tank Bigsby,PHI,RB,105.2,88.4,16.8,3
Zach Charbonnet,SEA,RB,104.3,87.1,17.2,3
Alvin Kamara,NO,RB,101.1,66.3,34.8,3
Jordan James,SF,RB,100.0,83.0,17.0,3
Brian Robinson,ATL,RB,90.1,77.1,13.0,3
Kimani Vidal,LAC,RB,89.0,70.5,18.5,3
MarShawn Lloyd,GB,RB,88.0,73.2,14.8,3
Samaje Perine,CIN,RB,86.7,63.4,23.2,3
Justice Hill,BAL,RB,85.5,57.4,28.0,3
Mike Washington Jr.,LV,RB,79.7,62.5,17.2,3
Ty Johnson,BUF,RB,78.9,60.2,18.8,3
Chris Brooks,GB,RB,78.2,58.4,19.8,3
Emmett Johnson,KC,RB,75.9,61.4,14.5,3
Nicholas Singleton,TEN,RB,75.8,61.3,14.5,3
Braelon Allen,NYJ,RB,73.8,65.3,8.5,3
DJ Giddens,IND,RB,68.2,54.9,13.2,3
James Conner,ARI,RB,68.2,53.7,14.5,3
Devin Neal,NO,RB,66.2,43.2,23.0,3
LeQuint Allen Jr.,JAX,RB,65.2,44.8,20.5,3
Isaiah Davis,NYJ,RB,63.5,45.8,17.8,3
George Holani,SEA,RB,63.0,51.0,12.0,2
Brashard Smith,KC,RB,59.2,36.9,22.2,3
Kaelon Black,SF,RB,57.8,48.0,9.8,3
Devin Singletary,NYG,RB,56.2,46.2,10.0,3
Kaytron Allen,WAS,RB,55.5,46.3,9.2,3
Jerome Ford,WAS,RB,54.0,34.2,19.8,3
Ray Davis,BUF,RB,52.1,43.9,8.2,3
Emanuel Wilson,SEA,RB,50.9,41.6,9.2,3
Emari Demercado,KC,RB,50.7,36.0,14.8,3
Jaydon Blue,DAL,RB,50.6,40.6,10.0,3
Sean Tucker,TB,RB,47.9,41.4,6.5,3
Jaylen Wright,MIA,RB,45.5,36.8,8.8,3
Will Shipley,PHI,RB,42.5,30.0,12.5,3
Ollie Gordon II,MIA,RB,41.1,32.1,9.0,3
Demond Claiborne,MIN,RB,40.0,32.5,7.5,3
AJ Dillon,CAR,RB,39.2,29.8,9.3,2
Trevor Etienne,CAR,RB,36.5,30.1,6.5,3
Adam Randall,BAL,RB,33.4,26.4,7.0,3
Kaleb Johnson,PIT,RB,26.7,22.7,4.0,3
Tahj Brooks,CIN,RB,25.0,19.7,5.2,3
Audric Estimé,NO,RB,2.3,2.3,0.0,1
Ja'Marr Chase,CIN,WR,339.0,217.0,122.0,3
Puka Nacua,LAR,WR,326.6,212.7,114.0,3
Jaxon Smith-Njigba,SEA,WR,320.8,209.3,111.5,3
Amon-Ra St. Brown,DET,WR,312.2,195.2,117.0,3
CeeDee Lamb,DAL,WR,281.8,178.8,103.0,3
Justin Jefferson,MIN,WR,261.7,167.2,94.5,3
A.J. Brown,NE,WR,253.6,161.8,91.8,3
Chris Olave,NO,WR,253.5,159.2,94.2,3
Drake London,ATL,WR,253.1,161.3,91.8,3
George Pickens,DAL,WR,252.7,168.2,84.5,3
Garrett Wilson,NYJ,WR,252.5,153.8,98.8,3
Rashee Rice,KC,WR,249.4,159.7,89.8,3
Malik Nabers,NYG,WR,247.2,161.7,85.5,3
Nico Collins,HOU,WR,245.8,165.8,80.0,3
Zay Flowers,BAL,WR,245.1,160.1,85.0,3
Jaylen Waddle,DEN,WR,241.6,156.1,85.5,3
DeVonta Smith,PHI,WR,241.3,151.8,89.5,3
Emeka Egbuka,TB,WR,239.6,159.8,79.8,3
Ladd McConkey,LAC,WR,236.4,149.4,87.0,3
Tee Higgins,CIN,WR,233.7,158.4,75.2,3
Tetairoa McMillan,CAR,WR,233.3,156.1,77.2,3
Carnell Tate,TEN,WR,232.0,152.7,79.2,3
Luther Burden III,CHI,WR,228.3,147.3,81.0,3
DJ Moore,BUF,WR,226.0,151.2,74.8,3
Parker Washington,JAX,WR,224.4,145.9,78.5,3
Christian Watson,GB,WR,223.7,156.4,67.2,3
Jameson Williams,DET,WR,222.6,157.4,65.2,3
Terry McLaurin,WAS,WR,222.1,146.9,75.2,3
Alec Pierce,IND,WR,220.0,153.7,66.2,3
Rome Odunze,CHI,WR,218.3,147.3,71.0,3
Marvin Harrison Jr.,ARI,WR,218.1,141.6,76.5,3
Davante Adams,LAR,WR,216.2,145.5,70.8,3
Mike Evans,SF,WR,213.6,145.1,68.5,3
DK Metcalf,PIT,WR,213.5,143.8,69.8,3
Brian Thomas Jr.,JAX,WR,210.3,141.3,69.0,3
Quentin Johnston,LAC,WR,195.3,132.3,63.0,3
Michael Pittman Jr.,PIT,WR,192.4,111.9,80.5,3
Chris Godwin Jr.,TB,WR,191.4,113.9,77.5,3
Wan'Dale Robinson,TEN,WR,191.0,108.2,82.8,3
Michael Wilson,ARI,WR,187.3,117.1,70.2,3
Josh Downs,IND,WR,186.3,106.8,79.5,3
Stefon Diggs,WAS,WR,180.7,110.2,70.5,3
Jordan Addison,MIN,WR,180.2,124.0,56.2,3
Courtland Sutton,DEN,WR,177.8,115.8,62.0,3
Jayden Higgins,HOU,WR,174.0,112.8,61.2,3
Jakobi Meyers,JAX,WR,169.4,100.7,68.8,3
Jayden Reed,GB,WR,168.1,109.6,58.5,3
Khalil Shakir,BUF,WR,165.2,99.4,65.8,3
Romeo Doubs,NE,WR,163.8,106.5,57.2,3
Xavier Worthy,KC,WR,160.8,109.8,51.0,3
Makai Lemon,PHI,WR,160.6,102.8,57.8,3
Malik Washington,MIA,WR,155.9,90.1,65.8,3
Rashid Shaheed,SEA,WR,153.8,99.6,54.2,3
Matthew Golden,GB,WR,153.4,100.2,53.2,3
De'Zhaun Stribling,SF,WR,152.3,98.8,53.5,3
Jalen Coker,CAR,WR,151.8,94.0,57.8,3
KC Concepcion,CLE,WR,150.6,92.1,58.5,3
Jordyn Tyson,NO,WR,144.2,95.2,49.0,3
Tre Tucker,LV,WR,142.4,90.7,51.8,3
Deebo Samuel Sr.,SF,WR,138.1,85.8,52.2,3
Jauan Jennings,MIN,WR,135.4,87.4,48.0,2
Omar Cooper Jr.,NYJ,WR,133.1,84.1,49.0,3
Denzel Boston,CLE,WR,132.9,85.4,47.5,3
Travis Hunter,JAX,WR,130.1,84.6,45.5,3
Jalen Nailor,LV,WR,128.6,82.8,45.8,3
Jerry Jeudy,CLE,WR,115.9,73.9,42.0,3
Pat Bryant,DEN,WR,115.0,71.2,43.8,3
Cooper Kupp,SEA,WR,113.4,68.6,44.8,3
Ja'Kobi Lane,BAL,WR,113.0,76.0,37.0,3
Tre' Harris,LAC,WR,112.9,68.7,44.2,3
Adonai Mitchell,NYJ,WR,111.4,70.9,40.5,3
Dontayvion Wicks,PHI,WR,109.5,68.0,41.5,3
Calvin Ridley,TEN,WR,107.3,69.5,37.8,3
DeMario Douglas,NE,WR,106.8,69.6,37.2,3
Germie Bernard,PIT,WR,106.8,67.5,39.2,3
Keon Coleman,BUF,WR,103.6,66.3,37.2,3
Zachariah Branch,ATL,WR,101.4,65.2,36.2,3
Ryan Flournoy,DAL,WR,100.8,64.2,36.5,3
Jalen McMillan,TB,WR,98.9,64.9,34.0,3
Darius Slayton,NYG,WR,98.0,64.5,33.5,3
Caleb Douglas,MIA,WR,95.3,60.8,34.5,3
Tank Dell,HOU,WR,95.3,63.3,32.0,3
Tory Horton,SEA,WR,95.2,61.0,34.2,3
Kayshon Boutte,NE,WR,94.7,62.5,32.2,3
Troy Franklin,DEN,WR,93.6,59.4,34.2,3
Ted Hurst III,TB,WR,93.6,63.9,29.8,3
Cyrus Allen,KC,WR,93.2,60.9,32.2,3
Isaac TeSlaa,DET,WR,92.7,65.7,27.0,3
Rashod Bateman,BAL,WR,90.9,59.4,31.5,3
Antonio Williams,WAS,WR,90.6,59.6,31.0,3
Darnell Mooney,NYG,WR,89.9,58.2,31.8,3
Elic Ayomanor,TEN,WR,89.6,56.1,33.5,3
Jack Bech,LV,WR,87.6,54.6,33.0,3
Jalen Tolbert,MIA,WR,87.4,54.4,33.0,3
Malachi Fields,NYG,WR,87.2,57.0,30.2,3
Chimere Dike,TEN,WR,86.9,51.4,35.5,3
Devaughn Vele,NO,WR,84.7,51.2,33.5,3
Tez Johnson,TB,WR,81.8,51.5,30.2,3
Malik Benson,LV,WR,80.5,52.2,28.2,3
Tyquan Thornton,KC,WR,79.3,55.8,23.5,3
Chris Bell,MIA,WR,79.0,50.8,28.2,3
Xavier Hutchinson,HOU,WR,75.5,48.5,27.0,2
Christian Kirk,SF,WR,74.6,47.3,27.2,3
Andrei Iosivas,CIN,WR,74.3,49.5,24.8,3
Kyle Williams,NE,WR,73.0,48.0,25.0,3
Olamide Zaccheaus,ATL,WR,69.5,41.2,28.3,2
Kendrick Bourne,ARI,WR,68.9,39.9,29.0,3
Jaylin Noel,HOU,WR,67.8,42.1,25.8,3
Marvin Mims Jr.,DEN,WR,65.5,44.0,21.5,3
Jahan Dotson,ATL,WR,64.8,40.8,24.0,3
Roman Wilson,PIT,WR,63.9,41.1,22.8,3
Mack Hollins,NE,WR,62.9,37.9,25.0,3
Kalif Raymond,CHI,WR,61.2,37.4,23.8,3
Bryce Lance,NO,WR,60.8,37.8,23.0,1
Treylon Burks,WAS,WR,60.5,39.0,21.5,3
Brenen Thompson,LAC,WR,59.0,38.2,20.8,3
Jordan Whittington,LAR,WR,55.7,31.4,24.2,3
Van Jefferson,WAS,WR,55.1,33.4,21.7,2
Dont'e Thornton Jr.,LV,WR,54.9,34.9,20.0,3
Calvin Austin III,NYG,WR,51.8,33.5,18.2,3
Elijah Sarratt,BAL,WR,48.8,32.0,16.8,3
Jaylin Lane,WAS,WR,48.0,31.0,17.0,2
Xavier Legette,CAR,WR,47.5,29.0,18.5,3
Tutu Atwell,MIA,WR,47.2,30.5,16.8,3
Hollywood Brown,PHI,WR,47.1,30.6,16.5,3
Devontez Walker,BAL,WR,46.0,32.5,13.5,3
Skyler Bell,BUF,WR,43.9,27.9,16.0,2
Cedric Tillman,CLE,WR,43.1,28.4,14.8,3
Chris Brazzell II,CAR,WR,38.6,24.3,14.2,3
Zavion Thomas,CHI,WR,35.4,22.7,12.7,2
Kendrick Law,DET,WR,20.5,13.5,7.0,1
Trey McBride,ARI,TE,262.5,155.0,107.5,3
Brock Bowers,LV,TE,261.1,162.9,98.2,3
Colston Loveland,CHI,TE,213.7,137.7,76.0,3
Tyler Warren,IND,TE,211.8,126.0,85.8,3
Harold Fannin Jr.,CLE,TE,192.8,116.2,76.5,3
Tucker Kraft,GB,TE,190.3,125.6,64.8,3
George Kittle,SF,TE,188.1,111.5,76.5,3
Sam LaPorta,DET,TE,183.8,113.0,70.8,3
Kyle Pitts Sr.,ATL,TE,178.6,102.6,76.0,3
Travis Kelce,KC,TE,162.4,95.1,67.2,3
Jake Ferguson,DAL,TE,161.8,88.6,73.2,3
Juwan Johnson,NO,TE,159.9,95.4,64.5,3
Dallas Goedert,PHI,TE,157.4,96.5,61.0,3
Dalton Kincaid,BUF,TE,154.2,102.8,51.5,3
Brenton Strange,JAX,TE,153.8,96.8,57.0,3
Isaiah Likely,NYG,TE,153.0,92.2,60.8,3
Dalton Schultz,HOU,TE,151.7,85.2,66.5,3
Hunter Henry,NE,TE,144.8,93.1,51.8,3
Chig Okonkwo,WAS,TE,143.3,85.3,58.0,3
Mark Andrews,BAL,TE,140.4,88.4,52.0,3
Greg Dulcich,MIA,TE,134.9,84.4,50.5,3
Pat Freiermuth,PIT,TE,126.3,77.5,48.8,3
T.J. Hockenson,MIN,TE,122.7,70.7,52.0,3
Cade Otton,TB,TE,121.3,68.8,52.5,3
Kenyon Sadiq,NYJ,TE,119.7,72.2,47.5,3
AJ Barner,SEA,TE,117.8,72.8,45.0,3
Colby Parkinson,LAR,TE,114.7,72.0,42.8,3
Oronde Gadsden,LAC,TE,109.7,69.7,40.0,3
Gunnar Helm,TEN,TE,102.2,56.2,46.0,3
David Njoku,LAC,TE,98.4,60.1,38.2,3
Mike Gesicki,CIN,TE,96.3,57.8,38.5,3
Evan Engram,DEN,TE,96.3,54.0,42.2,3
Cole Kmet,CHI,TE,95.9,57.9,38.0,3
Darren Waller,CAR,TE,92.8,56.8,36.0,2
Mason Taylor,NYJ,TE,85.3,45.6,39.8,3
Michael Mayer,LV,TE,79.0,44.3,34.8,3
Terrance Ferguson,LAR,TE,78.3,50.5,27.8,3
Dawson Knox,BUF,TE,78.2,50.2,28.0,3
Theo Johnson,NYG,TE,75.7,46.7,29.0,3
Eli Stowers,PHI,TE,75.4,48.2,27.2,3
Charlie Kolar,LAC,TE,71.0,44.0,27.0,3
Ja'Tavion Sanders,CAR,TE,70.8,38.0,32.8,3
Elijah Arroyo,SEA,TE,68.7,42.4,26.2,3
Luke Musgrave,GB,TE,66.0,39.0,27.0,3
Noah Gray,KC,TE,63.3,34.3,29.0,3
Jake Tonges,SF,TE,60.2,32.8,27.3,2
Tommy Tremble,CAR,TE,58.5,35.1,23.3,2
Darnell Washington,PIT,TE,55.4,31.9,23.5,3
Max Klare,LAR,TE,54.1,31.9,22.2,3
Ben Sinnott,WAS,TE,51.4,30.6,20.8,3
Noah Fant,NO,TE,48.3,27.1,21.2,3
Justin Joly,DEN,TE,32.0,19.0,13.0,2
Nate Boerkircher,JAX,TE,25.9,15.9,10.0,1
Oscar Delp,NO,TE,11.4,5.4,6.0,1
